"","Parameter","HPD.coverage"
"1","rea_1",0.929292929292929
"2","rea_2",0.919191919191919
"3","mig_1",0.929292929292929
"4","mig_2",0.95959595959596
"5","Ne_1",0.909090909090909
"6","Ne_2",0.97979797979798
