"","Parameter","HPD.coverage"
"1","rea_1",0.917525773195876
"2","rea_2",0.938144329896907
"3","mig_1",0.907216494845361
"4","mig_2",0.979381443298969
"5","Ne_1",0.938144329896907
"6","Ne_2",0.969072164948454
