"","Parameter","HPD.coverage"
"1","rea_1",0.969072164948454
"2","rea_2",0.958762886597938
"3","mig_1",0.958762886597938
"4","mig_2",0.917525773195876
"5","Ne_1",0.917525773195876
"6","Ne_2",0.979381443298969
