"","Parameter","HPD.coverage"
"1","rea_1",0.98989898989899
"2","rea_2",0.95959595959596
"3","mig_1",0.96969696969697
"4","mig_2",0.929292929292929
"5","Ne_1",0.95959595959596
"6","Ne_2",0.97979797979798
